"member","variable","h","point","lo90","hi90","origin_date"
"combo_equal","gdp_growth",1,0.552823901252247,-0.383677139618802,1.37393338870969,2026-01-01
"combo_equal","gdp_growth",2,0.555273083882058,-0.381220288424531,1.47087621492729,2026-01-01
"combo_equal","gdp_growth",3,0.610680251107213,-0.522166676783932,1.59777607649193,2026-01-01
"combo_equal","gdp_growth",4,0.623901711893161,-0.516363636363765,1.53822129476658,2026-01-01
"combo_equal","gdp_growth",5,0.620677755975357,-0.35657602506919,1.66748478286293,2026-01-01
"combo_equal","gdp_growth",6,0.633066042855593,-0.396312864258083,1.65248734254289,2026-01-01
"combo_equal","gdp_growth",7,0.612634991946707,-0.358420521332523,1.49262295211963,2026-01-01
"combo_equal","gdp_growth",8,0.617520335025853,-0.376255982892698,1.70617602429843,2026-01-01
"combo_equal","gdp_growth",9,0.662707048500704,-0.433175978966281,1.66163839956769,2026-01-01
"combo_equal","gdp_growth",10,0.639453344446707,-0.544317963450465,1.49315306676403,2026-01-01
"combo_equal","gdp_growth",11,0.622346473725356,-0.518497922831353,1.80480519931816,2026-01-01
"combo_equal","gdp_growth",12,0.635315661363657,-0.430125695656211,1.56140233298124,2026-01-01
"combo_equal","cpi_inflation",1,0.799000883291008,0.488968555041454,1.11323328572584,2026-01-01
"combo_equal","cpi_inflation",2,0.787796382940791,0.435000178519708,1.12075656703363,2026-01-01
"combo_equal","cpi_inflation",3,0.769348285353689,0.369763464411073,1.11103580916918,2026-01-01
"combo_equal","cpi_inflation",4,0.75243168151682,0.359445827287332,1.16190046842946,2026-01-01
"combo_equal","cpi_inflation",5,0.766643283808175,0.371385395456024,1.16943960812376,2026-01-01
"combo_equal","cpi_inflation",6,0.765785891730825,0.368838009185991,1.1554591628259,2026-01-01
"combo_equal","cpi_inflation",7,0.753465372275205,0.344463394881954,1.16746747916077,2026-01-01
"combo_equal","cpi_inflation",8,0.776987556911784,0.374411606394713,1.20396950248095,2026-01-01
"combo_equal","cpi_inflation",9,0.741061428487783,0.345418899437586,1.1474065005552,2026-01-01
"combo_equal","cpi_inflation",10,0.738147706400579,0.339299442347128,1.26577774202274,2026-01-01
"combo_equal","cpi_inflation",11,0.750686207257694,0.296262824628437,1.23153606011811,2026-01-01
"combo_equal","cpi_inflation",12,0.737876086375739,0.237089604660497,1.22744700877774,2026-01-01
"combo_equal","unemp_rate",1,4.25063144406356,3.97194847963531,5.27284773651174,2026-01-01
"combo_equal","unemp_rate",2,4.25777547997022,3.84367349534027,5.03090992191346,2026-01-01
"combo_equal","unemp_rate",3,4.28823364427834,3.71368241426192,5.22014859387321,2026-01-01
"combo_equal","unemp_rate",4,4.30910749302187,3.70937475283252,5.41716670479218,2026-01-01
"combo_equal","unemp_rate",5,4.36907659562571,3.560804767335,5.41428417995468,2026-01-01
"combo_equal","unemp_rate",6,4.38497033192564,3.53868483328557,5.50251742623871,2026-01-01
"combo_equal","unemp_rate",7,4.39564186399304,3.56655712275387,5.6568894775983,2026-01-01
"combo_equal","unemp_rate",8,4.40015161286412,3.38161317025431,5.60172361636356,2026-01-01
"combo_equal","unemp_rate",9,4.39917475793306,3.40924259010482,5.68193007080582,2026-01-01
"combo_equal","unemp_rate",10,4.42568851723616,3.3154131610755,5.76032240375085,2026-01-01
"combo_equal","unemp_rate",11,4.395804623484,3.33498494326348,5.71154984911685,2026-01-01
"combo_equal","unemp_rate",12,4.41917566932643,3.19586993971828,5.81613285053205,2026-01-01
"combo_equal","cash_rate",1,3.90074708174059,3.24974387215799,4.40489915358473,2026-01-01
"combo_equal","cash_rate",2,3.9139722711148,3.1088707554101,4.72784329218716,2026-01-01
"combo_equal","cash_rate",3,3.88924309628225,2.72462044211712,5.06212187524809,2026-01-01
"combo_equal","cash_rate",4,3.79800622941832,2.4293979523875,5.13595646360736,2026-01-01
"combo_equal","cash_rate",5,3.86123724871879,2.37711832009491,5.60409092031898,2026-01-01
"combo_equal","cash_rate",6,3.85375394393609,1.98520056216569,5.70044681797508,2026-01-01
"combo_equal","cash_rate",7,3.81863067768214,1.85172959055359,5.68016394133357,2026-01-01
"combo_equal","cash_rate",8,3.81435137197136,1.74613695048827,5.86959720939977,2026-01-01
"combo_equal","cash_rate",9,3.87747337071956,1.68359811162839,6.25430474337494,2026-01-01
"combo_equal","cash_rate",10,3.7239073339177,1.51962829384788,5.98678006863415,2026-01-01
"combo_equal","cash_rate",11,3.79750446559895,1.20625087382867,6.14797432614931,2026-01-01
"combo_equal","cash_rate",12,3.81741742482555,1.45310026705617,6.21286354652264,2026-01-01
"combo_logscore","gdp_growth",1,0.447954855560056,-0.450957645908242,1.15363022121677,2026-01-01
"combo_logscore","gdp_growth",2,0.504943583143483,-0.33891051290237,1.35315451685821,2026-01-01
"combo_logscore","gdp_growth",3,0.529673435098007,-0.322745025268181,1.4840335527439,2026-01-01
"combo_logscore","gdp_growth",4,0.553586263158768,-0.546671775586581,1.52471030295344,2026-01-01
"combo_logscore","gdp_growth",5,0.569181817963441,-0.56867750102076,1.72438501003873,2026-01-01
"combo_logscore","gdp_growth",6,0.555635998196551,-0.648208273505192,1.44404437650524,2026-01-01
"combo_logscore","gdp_growth",7,0.578111746803366,-0.448329884552073,1.40900892509142,2026-01-01
"combo_logscore","gdp_growth",8,0.577543145781383,-0.58332335423515,1.83498817104724,2026-01-01
"combo_logscore","gdp_growth",9,0.510573540532127,-0.702600983112564,1.61267843528039,2026-01-01
"combo_logscore","gdp_growth",10,0.573907443983661,-0.567399523757403,1.89779986249915,2026-01-01
"combo_logscore","gdp_growth",11,0.566850962619855,-0.755440629844244,2.05431539306219,2026-01-01
"combo_logscore","gdp_growth",12,0.527064732650414,-0.787362081017886,1.96442427652787,2026-01-01
"combo_logscore","cpi_inflation",1,0.804329222523497,0.564690117424397,1.13816289574601,2026-01-01
"combo_logscore","cpi_inflation",2,0.771255590028239,0.437687223758205,1.18889803232771,2026-01-01
"combo_logscore","cpi_inflation",3,0.802019631195326,0.379031529669466,1.34148888909633,2026-01-01
"combo_logscore","cpi_inflation",4,0.795153247224132,0.251239999257051,1.30877093084856,2026-01-01
"combo_logscore","cpi_inflation",5,0.758232607624008,0.141436236311066,1.36597232050802,2026-01-01
"combo_logscore","cpi_inflation",6,0.749373096640866,0.155513348601443,1.39076940125749,2026-01-01
"combo_logscore","cpi_inflation",7,0.731487566754731,0.0785909801427584,1.45634924166632,2026-01-01
"combo_logscore","cpi_inflation",8,0.729318255406701,0.0193408455657065,1.52918562892135,2026-01-01
"combo_logscore","cpi_inflation",9,0.735441323328015,-0.0767509397217867,1.70764888440536,2026-01-01
"combo_logscore","cpi_inflation",10,0.706251697509274,-0.06194869202649,1.73888609471512,2026-01-01
"combo_logscore","cpi_inflation",11,0.68676878514394,-0.196549908322215,1.58134722839712,2026-01-01
"combo_logscore","cpi_inflation",12,0.715473746246295,-0.297271737884742,1.7380281428751,2026-01-01
"combo_logscore","unemp_rate",1,4.22244761589432,3.93793378954177,4.50342609231994,2026-01-01
"combo_logscore","unemp_rate",2,4.27215018765806,3.85101432815982,4.80416081309734,2026-01-01
"combo_logscore","unemp_rate",3,4.31926402367793,3.65135532933284,5.0797465677399,2026-01-01
"combo_logscore","unemp_rate",4,4.35285330523876,3.58150620187248,5.04171042821558,2026-01-01
"combo_logscore","unemp_rate",5,4.35985640972074,3.55026096328757,5.26145817513869,2026-01-01
"combo_logscore","unemp_rate",6,4.38205646306299,3.28153649845564,5.32107629030161,2026-01-01
"combo_logscore","unemp_rate",7,4.41847491518334,3.2726792722898,5.36573685399699,2026-01-01
"combo_logscore","unemp_rate",8,4.39662228847641,3.31842269098955,5.6336019793051,2026-01-01
"combo_logscore","unemp_rate",9,4.48359665416884,3.28419376231115,5.4940191119258,2026-01-01
"combo_logscore","unemp_rate",10,4.48215205633399,3.20287832013464,5.64421376818351,2026-01-01
"combo_logscore","unemp_rate",11,4.50463480076937,3.27245850863842,5.75450665717287,2026-01-01
"combo_logscore","unemp_rate",12,4.47858777941112,3.06404189729207,5.81492638946724,2026-01-01
"combo_logscore","cash_rate",1,3.88232097445554,3.42016080596021,4.35465566143958,2026-01-01
"combo_logscore","cash_rate",2,3.83432534853465,3.08493425407655,4.57550970428556,2026-01-01
"combo_logscore","cash_rate",3,3.79142970154629,2.72624469432917,4.75708492591606,2026-01-01
"combo_logscore","cash_rate",4,3.80414189537097,2.59311448816974,4.94311512103049,2026-01-01
"combo_logscore","cash_rate",5,3.80726543310037,2.39554860689272,5.45234503049683,2026-01-01
"combo_logscore","cash_rate",6,3.91060360090012,2.09323494351939,5.33226203188755,2026-01-01
"combo_logscore","cash_rate",7,3.9383022734758,1.92032445432228,5.41696278946238,2026-01-01
"combo_logscore","cash_rate",8,3.8397819538155,2.03590825969449,5.60150095233563,2026-01-01
"combo_logscore","cash_rate",9,3.85980840567611,1.66723038028187,5.9190146638924,2026-01-01
"combo_logscore","cash_rate",10,3.6884163077638,1.59524958306979,6.14502555482632,2026-01-01
"combo_logscore","cash_rate",11,3.90621497232815,1.47306402677556,6.11284804897168,2026-01-01
"combo_logscore","cash_rate",12,3.72310523769821,1.15450169705615,5.98343918175122,2026-01-01
"combo_crps","gdp_growth",1,0.545045335667321,-0.263500108868086,1.5071119127368,2026-01-01
"combo_crps","gdp_growth",2,0.586177336823156,-0.238654645737898,1.45869026950765,2026-01-01
"combo_crps","gdp_growth",3,0.57193797737094,-0.296978503736082,1.50546007305063,2026-01-01
"combo_crps","gdp_growth",4,0.678929397511375,-0.188663661884459,1.4972854152544,2026-01-01
"combo_crps","gdp_growth",5,0.620573366664414,-0.358392187570458,1.46223487906665,2026-01-01
"combo_crps","gdp_growth",6,0.608821704244087,-0.289535395167534,1.4837917802728,2026-01-01
"combo_crps","gdp_growth",7,0.62759454784953,-0.408824342354469,1.50692663113694,2026-01-01
"combo_crps","gdp_growth",8,0.610541770281191,-0.519808644494019,1.53393347709542,2026-01-01
"combo_crps","gdp_growth",9,0.616657298694325,-0.265192595824696,1.59424209470244,2026-01-01
"combo_crps","gdp_growth",10,0.633647603978501,-0.296955210270059,1.66974909016707,2026-01-01
"combo_crps","gdp_growth",11,0.618851136933226,-0.266022466562572,1.59585739329088,2026-01-01
"combo_crps","gdp_growth",12,0.575686333273132,-0.296386024619044,1.63853891073681,2026-01-01
"combo_crps","cpi_inflation",1,0.792258121258668,0.508003501862206,1.1223328206386,2026-01-01
"combo_crps","cpi_inflation",2,0.788716054231876,0.396747945740417,1.15725989447134,2026-01-01
"combo_crps","cpi_inflation",3,0.768053798789124,0.392457288526989,1.13036048081024,2026-01-01
"combo_crps","cpi_inflation",4,0.771718226067715,0.376680858988137,1.183700524771,2026-01-01
"combo_crps","cpi_inflation",5,0.760986178060946,0.385258484498287,1.19032824425273,2026-01-01
"combo_crps","cpi_inflation",6,0.773185145789018,0.390618289093132,1.14830813313848,2026-01-01
"combo_crps","cpi_inflation",7,0.764483843582792,0.381714655805593,1.17544253212438,2026-01-01
"combo_crps","cpi_inflation",8,0.756372609960923,0.363484441566739,1.18279161050556,2026-01-01
"combo_crps","cpi_inflation",9,0.726129471822963,0.316292078845229,1.19940184505329,2026-01-01
"combo_crps","cpi_inflation",10,0.720149779589089,0.300869335678916,1.3016618071277,2026-01-01
"combo_crps","cpi_inflation",11,0.729617293250176,0.338262816451147,1.1421913672812,2026-01-01
"combo_crps","cpi_inflation",12,0.759175922833947,0.311464806862714,1.23872194939193,2026-01-01
"combo_crps","unemp_rate",1,4.23050668038872,3.98706764000489,4.55566714175154,2026-01-01
"combo_crps","unemp_rate",2,4.26244933692049,3.83438694779487,4.83870327501926,2026-01-01
"combo_crps","unemp_rate",3,4.27428063375882,3.69573401303461,4.94848594340675,2026-01-01
"combo_crps","unemp_rate",4,4.31645921721901,3.6263756854376,5.09954893072609,2026-01-01
"combo_crps","unemp_rate",5,4.33380703416336,3.58307555854752,5.25676821868772,2026-01-01
"combo_crps","unemp_rate",6,4.36586248953302,3.53779786189187,5.39877992388218,2026-01-01
"combo_crps","unemp_rate",7,4.3928442352892,3.51567598521365,5.50945750651022,2026-01-01
"combo_crps","unemp_rate",8,4.43415087929505,3.49475231495968,5.4271386071518,2026-01-01
"combo_crps","unemp_rate",9,4.37779392443348,3.4222193952723,5.48162345687895,2026-01-01
"combo_crps","unemp_rate",10,4.47936826824673,3.26000345595943,5.68255101485981,2026-01-01
"combo_crps","unemp_rate",11,4.41114796595162,3.33370455496876,5.75405295732901,2026-01-01
"combo_crps","unemp_rate",12,4.49769726297991,3.25562213239171,5.8857066770564,2026-01-01
"combo_crps","cash_rate",1,3.86798214704968,3.35056153750616,4.35750746447579,2026-01-01
"combo_crps","cash_rate",2,3.9596107812622,3.09078735987656,4.76280656029477,2026-01-01
"combo_crps","cash_rate",3,3.88525388527976,2.8004234138545,4.99034976504205,2026-01-01
"combo_crps","cash_rate",4,3.85810621562445,2.55042390659771,5.11827625755865,2026-01-01
"combo_crps","cash_rate",5,3.84880299821781,2.21633214283919,5.52083012890981,2026-01-01
"combo_crps","cash_rate",6,3.93278243771541,2.01670501104496,5.60064205932931,2026-01-01
"combo_crps","cash_rate",7,3.82416539775175,2.05999519380515,5.84243419742392,2026-01-01
"combo_crps","cash_rate",8,3.7231933949932,1.80354663667523,5.75050857253687,2026-01-01
"combo_crps","cash_rate",9,3.84186099107702,1.58106090625569,6.15325514173569,2026-01-01
"combo_crps","cash_rate",10,3.80205480847477,1.60203125578994,6.03146857361712,2026-01-01
"combo_crps","cash_rate",11,3.85483107856077,1.63592953645793,6.15469002489285,2026-01-01
"combo_crps","cash_rate",12,3.78612603872104,1.24026951394887,6.01029146653395,2026-01-01
"combo_pool","gdp_growth",1,0.42938359152209,-0.458876254087489,1.27537662338445,2026-01-01
"combo_pool","gdp_growth",2,0.45507266905701,-0.924842245673008,1.35106044665184,2026-01-01
"combo_pool","gdp_growth",3,0.52048807388909,-0.352259073799661,1.40498635154961,2026-01-01
"combo_pool","gdp_growth",4,0.559833321295252,-0.332763816726738,1.51106304904347,2026-01-01
"combo_pool","gdp_growth",5,0.551642308963839,-0.590085821523526,1.5303042575146,2026-01-01
"combo_pool","gdp_growth",6,0.51886071669603,-0.515423240630165,1.45402973395244,2026-01-01
"combo_pool","gdp_growth",7,0.600253940318537,-0.448223225480112,1.51503330627187,2026-01-01
"combo_pool","gdp_growth",8,0.604564274983657,-0.407674240739878,1.96622926339506,2026-01-01
"combo_pool","gdp_growth",9,0.574906948890623,-0.457456536493616,1.66318417882696,2026-01-01
"combo_pool","gdp_growth",10,0.626335740964559,-0.341366670417258,1.65893821263687,2026-01-01
"combo_pool","gdp_growth",11,0.55864661109939,-0.529258827864318,1.55357129648507,2026-01-01
"combo_pool","gdp_growth",12,0.644801384490648,-0.50117525273103,1.76323086075188,2026-01-01
"combo_pool","cpi_inflation",1,0.814826103769795,0.522221728423022,1.08190639019484,2026-01-01
"combo_pool","cpi_inflation",2,0.791485641272577,0.474834016525919,1.15716969533545,2026-01-01
"combo_pool","cpi_inflation",3,0.767790640073305,0.379031529669466,1.15436650551866,2026-01-01
"combo_pool","cpi_inflation",4,0.751977526522963,0.311911226809415,1.23137310425573,2026-01-01
"combo_pool","cpi_inflation",5,0.755028424663206,0.295783936921879,1.25835606341745,2026-01-01
"combo_pool","cpi_inflation",6,0.74913752667,0.30377825214147,1.30663206751393,2026-01-01
"combo_pool","cpi_inflation",7,0.742409896696698,0.275458981319074,1.37327399978015,2026-01-01
"combo_pool","cpi_inflation",8,0.739762251644076,0.270790550556026,1.35686988758303,2026-01-01
"combo_pool","cpi_inflation",9,0.729249217760016,0.0181474314694617,1.5926811539211,2026-01-01
"combo_pool","cpi_inflation",10,0.721676483562062,-0.200605768663937,1.60940939422467,2026-01-01
"combo_pool","cpi_inflation",11,0.725010509675168,-0.108132768697595,1.75511296312482,2026-01-01
"combo_pool","cpi_inflation",12,0.713837118304984,-0.260261368848965,1.74637878849656,2026-01-01
"combo_pool","unemp_rate",1,4.2475849989753,3.95013847435289,4.52568285812338,2026-01-01
"combo_pool","unemp_rate",2,4.29115789238063,3.77800597649452,4.69787846299434,2026-01-01
"combo_pool","unemp_rate",3,4.29867489359926,3.63450144479041,5.00344918161113,2026-01-01
"combo_pool","unemp_rate",4,4.33294628932518,3.55939491236946,5.03664517296223,2026-01-01
"combo_pool","unemp_rate",5,4.32157315342851,3.50094920426765,5.13179081141527,2026-01-01
"combo_pool","unemp_rate",6,4.32551335916152,3.3616909100613,5.12207617134309,2026-01-01
"combo_pool","unemp_rate",7,4.36746281986797,3.29989089678391,5.3020130109269,2026-01-01
"combo_pool","unemp_rate",8,4.34189673784,3.35191550684318,5.30467441981145,2026-01-01
"combo_pool","unemp_rate",9,4.33772352704599,3.23751355320115,5.40534868135937,2026-01-01
"combo_pool","unemp_rate",10,4.33425104549741,3.3100048242724,5.29986480840396,2026-01-01
"combo_pool","unemp_rate",11,4.38221488302383,3.19058869228445,5.54279957660361,2026-01-01
"combo_pool","unemp_rate",12,4.27787384242137,3.12978746473903,5.58737926875443,2026-01-01
"combo_pool","cash_rate",1,3.88884988061327,3.3697632833219,4.33945366665568,2026-01-01
"combo_pool","cash_rate",2,3.91434340834979,3.12247644668585,4.62613205552497,2026-01-01
"combo_pool","cash_rate",3,3.93150979703676,3.02046500779533,5.01198070457511,2026-01-01
"combo_pool","cash_rate",4,3.94453212227337,2.73332339271605,5.25761025718853,2026-01-01
"combo_pool","cash_rate",5,3.86762526161299,2.46386784988484,5.55738137696485,2026-01-01
"combo_pool","cash_rate",6,3.90917167979205,2.33842346534277,5.64770699744983,2026-01-01
"combo_pool","cash_rate",7,3.73431840891299,1.92105159424323,5.58617471084452,2026-01-01
"combo_pool","cash_rate",8,3.86253048105663,2.0367858699749,5.88220822276864,2026-01-01
"combo_pool","cash_rate",9,3.86389545193509,1.56021779373461,6.08640923617562,2026-01-01
"combo_pool","cash_rate",10,3.89786045568663,1.78295572220665,6.13236958836834,2026-01-01
"combo_pool","cash_rate",11,3.9088823454995,1.76716799071899,6.1154835545634,2026-01-01
"combo_pool","cash_rate",12,3.84241722546012,1.43168347973254,6.29255105493201,2026-01-01
"combo_bma","gdp_growth",1,0.377771029816685,-0.496765309622528,1.11912784935164,2026-01-01
"combo_bma","gdp_growth",2,0.498569939934419,-0.924842245673008,1.66552981372588,2026-01-01
"combo_bma","gdp_growth",3,0.534837574726822,-0.382729598621409,1.65958331780771,2026-01-01
"combo_bma","gdp_growth",4,0.563425860744246,-0.627883407049541,1.44075943534472,2026-01-01
"combo_bma","gdp_growth",5,0.507855466561135,-0.740304734045743,1.43943134048282,2026-01-01
"combo_bma","gdp_growth",6,0.498175555626082,-0.666896986544584,1.54177502954119,2026-01-01
"combo_bma","gdp_growth",7,0.518923764152492,-0.761024314884496,1.57070857415933,2026-01-01
"combo_bma","gdp_growth",8,0.583646991573535,-0.58332335423515,1.69835814451171,2026-01-01
"combo_bma","gdp_growth",9,0.483502703762463,-0.811188722093542,1.73463408383115,2026-01-01
"combo_bma","gdp_growth",10,0.62056021809628,-0.567238150777957,2.00231915834004,2026-01-01
"combo_bma","gdp_growth",11,0.567942650951436,-0.755440629844244,2.14928448747039,2026-01-01
"combo_bma","gdp_growth",12,0.521873072565037,-0.823862243496555,2.95902075714117,2026-01-01
"combo_bma","cpi_inflation",1,0.806934878534703,0.531050388960134,1.09139316483427,2026-01-01
"combo_bma","cpi_inflation",2,0.764111699112532,0.443599438483027,1.14111643251042,2026-01-01
"combo_bma","cpi_inflation",3,0.751945793672326,0.392513989681458,1.15983069414334,2026-01-01
"combo_bma","cpi_inflation",4,0.727414166111975,0.325296925827821,1.19161797137427,2026-01-01
"combo_bma","cpi_inflation",5,0.805979996828296,0.213114348794347,1.47396898627399,2026-01-01
"combo_bma","cpi_inflation",6,0.770525751195984,0.0404621056270364,1.48830852853689,2026-01-01
"combo_bma","cpi_inflation",7,0.746399352842057,-0.00150593623926501,1.56534490944843,2026-01-01
"combo_bma","cpi_inflation",8,0.646840596771307,-0.130728531868808,1.67005857997802,2026-01-01
"combo_bma","cpi_inflation",9,0.737280824566618,-0.101475295815321,1.74080538440034,2026-01-01
"combo_bma","cpi_inflation",10,0.714094310087794,-0.122526410751864,1.72161545432005,2026-01-01
"combo_bma","cpi_inflation",11,0.687421725032883,-0.188958296895512,1.82217805869047,2026-01-01
"combo_bma","cpi_inflation",12,0.747541096246468,-0.223398439169081,1.8603849744203,2026-01-01
"combo_bma","unemp_rate",1,4.22096832018956,3.94045072933428,4.47443975510853,2026-01-01
"combo_bma","unemp_rate",2,4.22957521228949,3.84173780907402,4.650873333814,2026-01-01
"combo_bma","unemp_rate",3,4.2783257662358,3.77444962881155,4.82455253678089,2026-01-01
"combo_bma","unemp_rate",4,4.26262209540572,3.62662104265942,4.96310859038051,2026-01-01
"combo_bma","unemp_rate",5,4.26611606240783,3.3773883721971,5.07937851753277,2026-01-01
"combo_bma","unemp_rate",6,4.28726807126176,3.34917555261064,5.04554394332547,2026-01-01
"combo_bma","unemp_rate",7,4.28105897688796,3.29480296058837,5.01539521512927,2026-01-01
"combo_bma","unemp_rate",8,4.33333800360129,3.3085314707657,5.1036247512114,2026-01-01
"combo_bma","unemp_rate",9,4.32732202210577,3.24620014707177,5.32399509903225,2026-01-01
"combo_bma","unemp_rate",10,4.18226609659309,3.00001154342897,5.34324415168418,2026-01-01
"combo_bma","unemp_rate",11,4.311669150624,3.02283512556212,5.33479495784162,2026-01-01
"combo_bma","unemp_rate",12,4.27704520412452,3.07302282176799,5.3506262517206,2026-01-01
"combo_bma","cash_rate",1,3.98729691941868,3.63080299549731,4.37626282506787,2026-01-01
"combo_bma","cash_rate",2,4.13298855658926,3.44778980803203,4.77516280633151,2026-01-01
"combo_bma","cash_rate",3,4.19410539702583,3.40670957623828,5.02895022862679,2026-01-01
"combo_bma","cash_rate",4,4.31809951241043,3.44431189970788,5.47065902870078,2026-01-01
"combo_bma","cash_rate",5,3.81867705880693,2.58365117163854,5.02732955476545,2026-01-01
"combo_bma","cash_rate",6,3.8923863296445,2.57296048654783,5.26989211472795,2026-01-01
"combo_bma","cash_rate",7,3.69335673394751,2.36312102850069,5.31637812272734,2026-01-01
"combo_bma","cash_rate",8,3.93057724813948,2.28534529946581,5.46170828193133,2026-01-01
"combo_bma","cash_rate",9,3.84750882006172,2.21197103368432,5.58304858208412,2026-01-01
"combo_bma","cash_rate",10,3.97250663793978,1.93121784131203,5.50652456792141,2026-01-01
"combo_bma","cash_rate",11,3.94658053655142,2.01111970509339,5.56887087215439,2026-01-01
"combo_bma","cash_rate",12,3.88663950656443,1.98008966847177,5.74033967213184,2026-01-01
"small_minn","gdp_growth",1,0.64972424039346,-0.130506890309289,1.38330744930052,2026-01-01
"small_minn","gdp_growth",2,0.586466008849963,-0.183809226415186,1.4144502403418,2026-01-01
"small_minn","gdp_growth",3,0.641837655563374,-0.19730463879145,1.37338626080717,2026-01-01
"small_minn","gdp_growth",4,0.699130036245143,-0.0404058642653988,1.50923912636332,2026-01-01
"small_minn","gdp_growth",5,0.674698353194302,-0.133388503188514,1.45931178727282,2026-01-01
"small_minn","gdp_growth",6,0.683228371301325,-0.0978069449550919,1.3074326967044,2026-01-01
"small_minn","gdp_growth",7,0.602702900988589,-0.198384887891775,1.41991689158565,2026-01-01
"small_minn","gdp_growth",8,0.60073525757371,-0.112570268090202,1.43361498455121,2026-01-01
"small_minn","gdp_growth",9,0.620549410876988,-0.246199336263242,1.43875364145329,2026-01-01
"small_minn","gdp_growth",10,0.623764109296059,-0.198774461393022,1.40312307517956,2026-01-01
"small_minn","gdp_growth",11,0.583750698113689,-0.157966144001506,1.45715378560525,2026-01-01
"small_minn","gdp_growth",12,0.634899461910242,-0.0787720993349608,1.4766641233472,2026-01-01
"small_minn","cpi_inflation",1,0.79772547234956,0.557938493136239,1.07862091731871,2026-01-01
"small_minn","cpi_inflation",2,0.807889051419062,0.491291903384451,1.12071863398693,2026-01-01
"small_minn","cpi_inflation",3,0.808686625001265,0.487179513388929,1.11422834843999,2026-01-01
"small_minn","cpi_inflation",4,0.801650979687021,0.43693736999684,1.08242910076752,2026-01-01
"small_minn","cpi_inflation",5,0.810628406497014,0.476341713777636,1.11066041931518,2026-01-01
"small_minn","cpi_inflation",6,0.785665649198745,0.447336845322145,1.1111091224491,2026-01-01
"small_minn","cpi_inflation",7,0.796938904717513,0.432590260779047,1.08450317942953,2026-01-01
"small_minn","cpi_inflation",8,0.770106841807007,0.463808954959446,1.10385738065924,2026-01-01
"small_minn","cpi_inflation",9,0.7715838773989,0.469298443995926,1.05996471498018,2026-01-01
"small_minn","cpi_inflation",10,0.753935482718678,0.438685323478834,1.07810303319178,2026-01-01
"small_minn","cpi_inflation",11,0.755320691319928,0.460640456077994,1.06329024085348,2026-01-01
"small_minn","cpi_inflation",12,0.763505149964246,0.394971011818234,1.07634449766365,2026-01-01
"small_minn","unemp_rate",1,4.21011197396572,3.93825435293481,4.45299642204073,2026-01-01
"small_minn","unemp_rate",2,4.20362695020989,3.78139763188317,4.61913655689438,2026-01-01
"small_minn","unemp_rate",3,4.23129195012548,3.69001140295188,4.7889877670269,2026-01-01
"small_minn","unemp_rate",4,4.23087775771177,3.62488656103137,4.83519530668446,2026-01-01
"small_minn","unemp_rate",5,4.27316214316672,3.5865131147642,4.90013150125064,2026-01-01
"small_minn","unemp_rate",6,4.25813177064098,3.55552968918729,5.04083589081883,2026-01-01
"small_minn","unemp_rate",7,4.23350422066072,3.50258436380439,5.09414336273337,2026-01-01
"small_minn","unemp_rate",8,4.21742824789763,3.43528901607792,5.1788610790523,2026-01-01
"small_minn","unemp_rate",9,4.23396083918479,3.40770914634102,5.17405804352459,2026-01-01
"small_minn","unemp_rate",10,4.26574818064574,3.3578568538698,5.31040485972447,2026-01-01
"small_minn","unemp_rate",11,4.25865440974524,3.27542886509828,5.33860564424289,2026-01-01
"small_minn","unemp_rate",12,4.27024493620895,3.10782605479133,5.39181022626826,2026-01-01
"small_minn","cash_rate",1,3.86914630576936,3.40808371528629,4.36362466815321,2026-01-01
"small_minn","cash_rate",2,3.89001300385787,3.04830581845274,4.75113693479281,2026-01-01
"small_minn","cash_rate",3,3.84453299149745,2.74240975716357,4.99878919600543,2026-01-01
"small_minn","cash_rate",4,3.87399558307859,2.44828949307196,5.04403964241146,2026-01-01
"small_minn","cash_rate",5,3.8273855644907,2.16674166772729,5.1702764301801,2026-01-01
"small_minn","cash_rate",6,3.75890687773972,2.10517406649226,5.24903622173272,2026-01-01
"small_minn","cash_rate",7,3.78744727502182,1.74778314975966,5.49206085863238,2026-01-01
"small_minn","cash_rate",8,3.76929053958192,1.51152491425782,5.69379712080625,2026-01-01
"small_minn","cash_rate",9,3.80860234772314,1.45884846476167,5.91969729672411,2026-01-01
"small_minn","cash_rate",10,3.75667727418842,1.31837395582388,5.89779435888267,2026-01-01
"small_minn","cash_rate",11,3.71198716295297,1.17331944019831,6.04673251914329,2026-01-01
"small_minn","cash_rate",12,3.61591615977688,1.31435056732319,6.18724501697084,2026-01-01
"small_ss","gdp_growth",1,0.557733914610298,-0.251906719755158,1.34593513124766,2026-01-01
"small_ss","gdp_growth",2,0.562628718084864,-0.187817761577792,1.42448828422067,2026-01-01
"small_ss","gdp_growth",3,0.65333901342438,-0.19595113223809,1.55537536743312,2026-01-01
"small_ss","gdp_growth",4,0.602996144660925,-0.18534268576763,1.44891126262036,2026-01-01
"small_ss","gdp_growth",5,0.595153001286564,-0.115246730759288,1.35935091595148,2026-01-01
"small_ss","gdp_growth",6,0.611881071965163,-0.148540707699515,1.4218313575773,2026-01-01
"small_ss","gdp_growth",7,0.574911264199789,-0.295635445192324,1.38992290487863,2026-01-01
"small_ss","gdp_growth",8,0.642647298363476,-0.190583920211679,1.43363178374733,2026-01-01
"small_ss","gdp_growth",9,0.65017732412293,-0.111755305412823,1.47959688988735,2026-01-01
"small_ss","gdp_growth",10,0.60108175383499,-0.151666217992021,1.38161407231112,2026-01-01
"small_ss","gdp_growth",11,0.586110968274686,-0.197412612336023,1.38275825195695,2026-01-01
"small_ss","gdp_growth",12,0.574117942370668,-0.194065674861613,1.29786964010769,2026-01-01
"small_ss","cpi_inflation",1,0.821409950735141,0.534557721057248,1.11006152903374,2026-01-01
"small_ss","cpi_inflation",2,0.822259802547655,0.501405119266952,1.11474639057148,2026-01-01
"small_ss","cpi_inflation",3,0.826665997261987,0.510155430931736,1.13345963959417,2026-01-01
"small_ss","cpi_inflation",4,0.799528685409817,0.475178424948695,1.09064430898929,2026-01-01
"small_ss","cpi_inflation",5,0.801045303253026,0.469220826622365,1.16390983309974,2026-01-01
"small_ss","cpi_inflation",6,0.797460216311027,0.463737676083678,1.11571208422963,2026-01-01
"small_ss","cpi_inflation",7,0.797725849955689,0.45634375964967,1.10941507826221,2026-01-01
"small_ss","cpi_inflation",8,0.783592361299167,0.439294068852965,1.09925509304564,2026-01-01
"small_ss","cpi_inflation",9,0.751437120614773,0.418007877820612,1.0496727248278,2026-01-01
"small_ss","cpi_inflation",10,0.747474915020916,0.42164346931943,1.05232685915082,2026-01-01
"small_ss","cpi_inflation",11,0.734326744674422,0.406357336269128,1.05044262111201,2026-01-01
"small_ss","cpi_inflation",12,0.757236215067019,0.367139155337398,1.07684068228292,2026-01-01
"small_ss","unemp_rate",1,4.245609081254,3.9551720878283,4.5176807694852,2026-01-01
"small_ss","unemp_rate",2,4.28701924048145,3.88348072162981,4.67386845731373,2026-01-01
"small_ss","unemp_rate",3,4.32023455809947,3.76274255651048,4.83190502427314,2026-01-01
"small_ss","unemp_rate",4,4.37472829024937,3.68088079781757,4.94316841386678,2026-01-01
"small_ss","unemp_rate",5,4.41442557333621,3.66209716140474,5.06861148083759,2026-01-01
"small_ss","unemp_rate",6,4.44239216923297,3.58939689710565,5.16273733093463,2026-01-01
"small_ss","unemp_rate",7,4.48328234224839,3.58600273809108,5.24447427845282,2026-01-01
"small_ss","unemp_rate",8,4.5369481614207,3.66404475774529,5.28879944166115,2026-01-01
"small_ss","unemp_rate",9,4.58275064336424,3.66687108394096,5.28408544342097,2026-01-01
"small_ss","unemp_rate",10,4.63603843262975,3.65287294691662,5.37429473863366,2026-01-01
"small_ss","unemp_rate",11,4.63208056379388,3.67648650402117,5.47103890972021,2026-01-01
"small_ss","unemp_rate",12,4.67478417878213,3.64707158284035,5.53750958764127,2026-01-01
"small_ss","cash_rate",1,3.8915374800149,3.48805928833332,4.37590017584845,2026-01-01
"small_ss","cash_rate",2,3.91966780688604,3.13139653543364,4.69644307325447,2026-01-01
"small_ss","cash_rate",3,3.87726072049721,2.89727923208096,4.90242915145881,2026-01-01
"small_ss","cash_rate",4,3.8604180331376,2.66525512727077,5.12086143951377,2026-01-01
"small_ss","cash_rate",5,3.89178780753925,2.36340455765441,5.20962327872538,2026-01-01
"small_ss","cash_rate",6,3.90748893786868,2.2381633092152,5.36201754208055,2026-01-01
"small_ss","cash_rate",7,3.96660856138587,2.26749515906083,5.47020524539299,2026-01-01
"small_ss","cash_rate",8,3.9210539875656,2.13344137411577,5.79384902517373,2026-01-01
"small_ss","cash_rate",9,3.90889758588722,1.80711295413016,5.84942620678407,2026-01-01
"small_ss","cash_rate",10,3.8355787727563,1.77302499056267,5.82761152807297,2026-01-01
"small_ss","cash_rate",11,3.86301163528656,1.8222519242091,5.90965925642817,2026-01-01
"small_ss","cash_rate",12,3.85531202209701,1.78072226003801,5.87875753469911,2026-01-01
"small_sv","gdp_growth",1,0.466337303567744,-0.413199317300855,1.39290974395096,2026-01-01
"small_sv","gdp_growth",2,0.483163713461822,-0.389864371423962,1.45813687292453,2026-01-01
"small_sv","gdp_growth",3,0.550516382772142,-0.423102997851545,1.52163175134224,2026-01-01
"small_sv","gdp_growth",4,0.547822801330203,-0.427597096068759,1.67122041289977,2026-01-01
"small_sv","gdp_growth",5,0.559737617518194,-0.68737118276168,1.49714077122764,2026-01-01
"small_sv","gdp_growth",6,0.51539189075329,-0.94864217688121,1.5401612886719,2026-01-01
"small_sv","gdp_growth",7,0.501599252517721,-0.629329023030382,1.60677426515359,2026-01-01
"small_sv","gdp_growth",8,0.514303616739142,-0.994068050401485,1.8621758607985,2026-01-01
"small_sv","gdp_growth",9,0.474853072231547,-0.805002345170147,1.63620398793699,2026-01-01
"small_sv","gdp_growth",10,0.573907443983661,-0.644454513496104,2.00156727584608,2026-01-01
"small_sv","gdp_growth",11,0.549437085564116,-0.775042180519033,2.04664470461704,2026-01-01
"small_sv","gdp_growth",12,0.515736814656893,-0.786142925208638,2.34982028761387,2026-01-01
"small_sv","cpi_inflation",1,0.802870039076518,0.510100907874514,1.15152225357415,2026-01-01
"small_sv","cpi_inflation",2,0.792502475878442,0.477662755488358,1.11890211845419,2026-01-01
"small_sv","cpi_inflation",3,0.794965154901727,0.440574443723159,1.13437925478248,2026-01-01
"small_sv","cpi_inflation",4,0.77975595362357,0.411000336272284,1.19658509000288,2026-01-01
"small_sv","cpi_inflation",5,0.777400374826991,0.341381760737546,1.13903536228201,2026-01-01
"small_sv","cpi_inflation",6,0.786260974365915,0.391032360293583,1.18678668681898,2026-01-01
"small_sv","cpi_inflation",7,0.763293679983848,0.204457934786226,1.15834086186028,2026-01-01
"small_sv","cpi_inflation",8,0.743407091670508,0.296589443354625,1.27163685529482,2026-01-01
"small_sv","cpi_inflation",9,0.736292171866443,0.326825933948169,1.21168113898764,2026-01-01
"small_sv","cpi_inflation",10,0.754068633098013,0.301616180550633,1.26536628312511,2026-01-01
"small_sv","cpi_inflation",11,0.73162080758981,0.281366253586442,1.25089231145388,2026-01-01
"small_sv","cpi_inflation",12,0.732389744613855,0.264051439798219,1.21194394714348,2026-01-01
"small_sv","unemp_rate",1,4.20286141934542,3.97892353260613,4.48089008865743,2026-01-01
"small_sv","unemp_rate",2,4.23801346086714,3.79076452909449,4.71123686154403,2026-01-01
"small_sv","unemp_rate",3,4.27171184885666,3.78022995498033,4.88311788497396,2026-01-01
"small_sv","unemp_rate",4,4.32664938643615,3.69101875748346,5.07445186281855,2026-01-01
"small_sv","unemp_rate",5,4.39271389715774,3.66977852840508,5.23505953090682,2026-01-01
"small_sv","unemp_rate",6,4.41030419847984,3.56146664660456,5.31468560271614,2026-01-01
"small_sv","unemp_rate",7,4.49267307033911,3.58659456743908,5.51059535659605,2026-01-01
"small_sv","unemp_rate",8,4.53906017348834,3.37417245792673,5.56579642825801,2026-01-01
"small_sv","unemp_rate",9,4.56985796297006,3.3871477691657,5.68579901174563,2026-01-01
"small_sv","unemp_rate",10,4.61306514562023,3.45132962498563,5.85224161475669,2026-01-01
"small_sv","unemp_rate",11,4.61261985471847,3.40586892265617,5.93814360105708,2026-01-01
"small_sv","unemp_rate",12,4.62740874343928,3.33368911333686,6.27223917483251,2026-01-01
"small_sv","cash_rate",1,3.87100614265441,3.51006082776721,4.22325460359114,2026-01-01
"small_sv","cash_rate",2,3.86690813757494,3.24610513225594,4.42626411229796,2026-01-01
"small_sv","cash_rate",3,3.83437242254415,3.097500440209,4.72002786678646,2026-01-01
"small_sv","cash_rate",4,3.75658210437505,2.80432235066719,4.82587039174752,2026-01-01
"small_sv","cash_rate",5,3.70116666273831,2.67187056424588,5.02812687798927,2026-01-01
"small_sv","cash_rate",6,3.65900932028383,2.36141824501855,5.52556828648174,2026-01-01
"small_sv","cash_rate",7,3.65820813450054,2.25909807508678,5.7600980156273,2026-01-01
"small_sv","cash_rate",8,3.6851345033391,2.07880222070794,6.0242124728493,2026-01-01
"small_sv","cash_rate",9,3.65863826962831,1.79686833844233,6.37555045625354,2026-01-01
"small_sv","cash_rate",10,3.6235448316343,1.36079760407336,6.32928092637776,2026-01-01
"small_sv","cash_rate",11,3.62408613431739,1.22331003607527,6.45290773809764,2026-01-01
"small_sv","cash_rate",12,3.52623420221283,0.960040664963199,6.56056017523337,2026-01-01
"small_loose_p5","gdp_growth",1,0.626954374335726,-0.0912758337830097,1.25985634258213,2026-01-01
"small_loose_p5","gdp_growth",2,0.669928494598953,-0.12391588485186,1.42980078323384,2026-01-01
"small_loose_p5","gdp_growth",3,0.603554523110329,-0.0420957491051596,1.41443547250092,2026-01-01
"small_loose_p5","gdp_growth",4,0.631452083548594,-0.239661752668511,1.4774659420358,2026-01-01
"small_loose_p5","gdp_growth",5,0.581159620637227,-0.135410042906685,1.41073172747378,2026-01-01
"small_loose_p5","gdp_growth",6,0.616576672158525,-0.232957246193922,1.37018419758133,2026-01-01
"small_loose_p5","gdp_growth",7,0.659637165731343,-0.133624949594654,1.49766644026327,2026-01-01
"small_loose_p5","gdp_growth",8,0.704533658206355,-0.175551457732655,1.3920078590303,2026-01-01
"small_loose_p5","gdp_growth",9,0.564927610355461,-0.217888591711471,1.51095762865707,2026-01-01
"small_loose_p5","gdp_growth",10,0.594902693182732,-0.207523892939226,1.36376257657688,2026-01-01
"small_loose_p5","gdp_growth",11,0.635524319421644,-0.160456044237975,1.44720587119283,2026-01-01
"small_loose_p5","gdp_growth",12,0.622064813585323,-0.209716498485698,1.42158527344164,2026-01-01
"small_loose_p5","cpi_inflation",1,0.82135301562207,0.575027386743726,1.09149275222276,2026-01-01
"small_loose_p5","cpi_inflation",2,0.8308177207914,0.530142004279717,1.17467539772096,2026-01-01
"small_loose_p5","cpi_inflation",3,0.820815948930061,0.490683360215706,1.1620036409734,2026-01-01
"small_loose_p5","cpi_inflation",4,0.850525986583885,0.43482626670089,1.19623158701354,2026-01-01
"small_loose_p5","cpi_inflation",5,0.835468112616515,0.410441977300701,1.20033601024088,2026-01-01
"small_loose_p5","cpi_inflation",6,0.842286710378615,0.386529386087681,1.17634247602686,2026-01-01
"small_loose_p5","cpi_inflation",7,0.830246389980274,0.382437070006136,1.22334019851825,2026-01-01
"small_loose_p5","cpi_inflation",8,0.826448296037244,0.40757800220089,1.16489798574227,2026-01-01
"small_loose_p5","cpi_inflation",9,0.831963840179167,0.457786753073537,1.19949922124678,2026-01-01
"small_loose_p5","cpi_inflation",10,0.812294506089317,0.348693121067657,1.21401368130122,2026-01-01
"small_loose_p5","cpi_inflation",11,0.8090761227807,0.364319814123124,1.20629253005965,2026-01-01
"small_loose_p5","cpi_inflation",12,0.800452766872072,0.311934182382874,1.18810280272496,2026-01-01
"small_loose_p5","unemp_rate",1,4.17490722669372,3.96176050019787,4.4226796680628,2026-01-01
"small_loose_p5","unemp_rate",2,4.19030706140503,3.80012302904739,4.55377120277113,2026-01-01
"small_loose_p5","unemp_rate",3,4.21539796180929,3.73447000235024,4.78294945003069,2026-01-01
"small_loose_p5","unemp_rate",4,4.27080012679181,3.68179340889663,4.92172839264287,2026-01-01
"small_loose_p5","unemp_rate",5,4.28140516332439,3.64592736103856,5.011004472668,2026-01-01
"small_loose_p5","unemp_rate",6,4.32129917647175,3.5372789628917,5.13978481692814,2026-01-01
"small_loose_p5","unemp_rate",7,4.32266471529775,3.52158158853417,5.1886227282183,2026-01-01
"small_loose_p5","unemp_rate",8,4.30935733300826,3.4890644551037,5.26006017399815,2026-01-01
"small_loose_p5","unemp_rate",9,4.34520782405701,3.47193243440062,5.31860264641383,2026-01-01
"small_loose_p5","unemp_rate",10,4.33453615805896,3.40136885608311,5.40572651051851,2026-01-01
"small_loose_p5","unemp_rate",11,4.35839591987008,3.40199913379655,5.49018261974788,2026-01-01
"small_loose_p5","unemp_rate",12,4.37188989970704,3.31345872810664,5.51418718533946,2026-01-01
"small_loose_p5","cash_rate",1,3.97570622034118,3.62051440473036,4.3423157594316,2026-01-01
"small_loose_p5","cash_rate",2,3.99324544925672,3.23250830325765,4.71446273537986,2026-01-01
"small_loose_p5","cash_rate",3,3.87516765654556,2.81984156819903,4.9366511450774,2026-01-01
"small_loose_p5","cash_rate",4,3.73410573206652,2.44153310066854,5.03222757819216,2026-01-01
"small_loose_p5","cash_rate",5,3.59575923863319,2.08237905629678,5.17449621460575,2026-01-01
"small_loose_p5","cash_rate",6,3.56733734766544,1.8194066675047,5.27121137343793,2026-01-01
"small_loose_p5","cash_rate",7,3.55803278383899,1.56801182128385,5.41474552593528,2026-01-01
"small_loose_p5","cash_rate",8,3.53255232279539,1.18223085243039,5.62093612052015,2026-01-01
"small_loose_p5","cash_rate",9,3.47342507323817,0.962884475939598,5.86603253812929,2026-01-01
"small_loose_p5","cash_rate",10,3.40111329886389,0.758718941519319,6.039192066052,2026-01-01
"small_loose_p5","cash_rate",11,3.3700454611812,0.578159072168427,6.18347744816843,2026-01-01
"small_loose_p5","cash_rate",12,3.33480079642149,0.490107352943971,6.27950294019543,2026-01-01
"medium_minn","gdp_growth",1,0.400582972298615,-0.460733910971715,1.13810941590732,2026-01-01
"medium_minn","gdp_growth",2,0.441354585904759,-0.803465947695102,1.35205792169018,2026-01-01
"medium_minn","gdp_growth",3,0.488644333108446,-0.33530984297308,1.44185117095599,2026-01-01
"medium_minn","gdp_growth",4,0.550123288914624,-0.491315184216304,1.55380756567853,2026-01-01
"medium_minn","gdp_growth",5,0.539904602009242,-0.593058757305609,1.5367859237875,2026-01-01
"medium_minn","gdp_growth",6,0.486974679352925,-0.548944153753744,1.50656051834074,2026-01-01
"medium_minn","gdp_growth",7,0.584207769742145,-0.310921337789526,1.47483245396122,2026-01-01
"medium_minn","gdp_growth",8,0.62478692783817,-0.420697566325478,1.83477209303691,2026-01-01
"medium_minn","gdp_growth",9,0.607232965842383,-0.456424675984321,1.80743418752558,2026-01-01
"medium_minn","gdp_growth",10,0.615088804322478,-0.367638146268116,1.86357154011371,2026-01-01
"medium_minn","gdp_growth",11,0.660859511146792,-0.489265226489913,2.02668040272803,2026-01-01
"medium_minn","gdp_growth",12,0.597418407014259,-0.552273263183869,1.77288202533436,2026-01-01
"medium_minn","cpi_inflation",1,0.806868847377171,0.532727803469791,1.06872219709908,2026-01-01
"medium_minn","cpi_inflation",2,0.786665627668271,0.475715441022358,1.08936744793723,2026-01-01
"medium_minn","cpi_inflation",3,0.802154297032275,0.451114799309254,1.14957615016408,2026-01-01
"medium_minn","cpi_inflation",4,0.797723395707912,0.370654350445901,1.23809914269451,2026-01-01
"medium_minn","cpi_inflation",5,0.788250415800256,0.383093322446934,1.24913772380563,2026-01-01
"medium_minn","cpi_inflation",6,0.804752586362554,0.411329832743468,1.23220497333594,2026-01-01
"medium_minn","cpi_inflation",7,0.789092615111721,0.389521780535293,1.26899033054547,2026-01-01
"medium_minn","cpi_inflation",8,0.785068710685212,0.391878522077518,1.33599574488823,2026-01-01
"medium_minn","cpi_inflation",9,0.813422752116404,0.322047325692445,1.28855607589221,2026-01-01
"medium_minn","cpi_inflation",10,0.797157439527046,0.317708570259685,1.31768565884342,2026-01-01
"medium_minn","cpi_inflation",11,0.796195727939141,0.225467538719152,1.3465812556569,2026-01-01
"medium_minn","cpi_inflation",12,0.770237792232251,0.254103305055885,1.31622304357511,2026-01-01
"medium_minn","unemp_rate",1,4.240620469892,3.97593384343574,4.48354043597798,2026-01-01
"medium_minn","unemp_rate",2,4.2877579888513,3.8434015217756,4.67677300781404,2026-01-01
"medium_minn","unemp_rate",3,4.33100521237767,3.72852702383937,4.96062951482116,2026-01-01
"medium_minn","unemp_rate",4,4.37158778253525,3.64490965703511,5.04244510682621,2026-01-01
"medium_minn","unemp_rate",5,4.38642555140753,3.508117431573,5.16483601949849,2026-01-01
"medium_minn","unemp_rate",6,4.44339351561428,3.3535812086601,5.35344760393197,2026-01-01
"medium_minn","unemp_rate",7,4.43190138704266,3.26543379960799,5.35684100684681,2026-01-01
"medium_minn","unemp_rate",8,4.43715055016759,3.30882127152746,5.58574574789098,2026-01-01
"medium_minn","unemp_rate",9,4.49338053576473,3.23706899260105,5.6841022863404,2026-01-01
"medium_minn","unemp_rate",10,4.53108490732655,3.20452505352434,5.74669014654325,2026-01-01
"medium_minn","unemp_rate",11,4.55281214365384,3.05990345194357,5.89569916866446,2026-01-01
"medium_minn","unemp_rate",12,4.56572303811504,3.05214085238939,5.91655604683335,2026-01-01
"medium_minn","cash_rate",1,3.98610215070076,3.64037877788155,4.3158987792309,2026-01-01
"medium_minn","cash_rate",2,4.11689284838853,3.46792296232272,4.76833266186073,2026-01-01
"medium_minn","cash_rate",3,4.20668728918456,3.42077683976774,5.10616063159362,2026-01-01
"medium_minn","cash_rate",4,4.29996595306968,3.37636925648629,5.32002505077814,2026-01-01
"medium_minn","cash_rate",5,4.33515249671221,3.33901632979974,5.63245901838511,2026-01-01
"medium_minn","cash_rate",6,4.38315025806717,3.14441808752614,5.91025542031898,2026-01-01
"medium_minn","cash_rate",7,4.38496294726323,3.06440469394746,6.19866999274601,2026-01-01
"medium_minn","cash_rate",8,4.35240611875444,2.898311910884,6.19422403113273,2026-01-01
"medium_minn","cash_rate",9,4.31725902357432,2.53604489060716,6.3908383432131,2026-01-01
"medium_minn","cash_rate",10,4.30106850484698,2.28659254378712,6.48479743841594,2026-01-01
"medium_minn","cash_rate",11,4.28667261518864,2.0174680769947,6.68615823954103,2026-01-01
"medium_minn","cash_rate",12,4.3140779686523,1.79448713642139,7.04816282638844,2026-01-01
"medium_conj","gdp_growth",1,0.624759375851644,-0.18040298992486,1.29670546463564,2026-01-01
"medium_conj","gdp_growth",2,0.684801765806525,-0.0831709198216972,1.38437299250524,2026-01-01
"medium_conj","gdp_growth",3,0.648209879836282,-0.0126144981161698,1.35470323547755,2026-01-01
"medium_conj","gdp_growth",4,0.63600205515395,-0.047819739645024,1.38623479778943,2026-01-01
"medium_conj","gdp_growth",5,0.66835703357648,-0.074959043468322,1.37768637707403,2026-01-01
"medium_conj","gdp_growth",6,0.700887592364083,-0.0229128790585683,1.32616618540396,2026-01-01
"medium_conj","gdp_growth",7,0.616913531092116,-0.0413866025422149,1.32404985460135,2026-01-01
"medium_conj","gdp_growth",8,0.603869211750725,-0.126052005487925,1.3205180763158,2026-01-01
"medium_conj","gdp_growth",9,0.680327672263236,-0.0343217013469626,1.43366487827788,2026-01-01
"medium_conj","gdp_growth",10,0.648432273543623,0.0161489129443475,1.36578674785963,2026-01-01
"medium_conj","gdp_growth",11,0.658755438693105,-0.0368494142091572,1.36663758084854,2026-01-01
"medium_conj","gdp_growth",12,0.609538569904459,-0.0139908707781112,1.2867339513011,2026-01-01
"medium_conj","cpi_inflation",1,0.814780556404292,0.529827733919016,1.0741716976855,2026-01-01
"medium_conj","cpi_inflation",2,0.76387076180483,0.480300613097171,1.07727333148895,2026-01-01
"medium_conj","cpi_inflation",3,0.749142984458834,0.457701240848764,1.04962407735164,2026-01-01
"medium_conj","cpi_inflation",4,0.723875514118975,0.408997957437869,1.04837446008077,2026-01-01
"medium_conj","cpi_inflation",5,0.719863673960312,0.418595760350782,1.05439279145943,2026-01-01
"medium_conj","cpi_inflation",6,0.718158784217715,0.450046389910691,0.997495575151874,2026-01-01
"medium_conj","cpi_inflation",7,0.727815564023098,0.479856146072124,1.05423884474645,2026-01-01
"medium_conj","cpi_inflation",8,0.726914585577709,0.42048403661229,0.998045209668263,2026-01-01
"medium_conj","cpi_inflation",9,0.718706903373106,0.38927818999142,1.03299337440097,2026-01-01
"medium_conj","cpi_inflation",10,0.714928145177627,0.385325885833598,1.0003061677109,2026-01-01
"medium_conj","cpi_inflation",11,0.732118799351301,0.364241688315141,1.0351651293831,2026-01-01
"medium_conj","cpi_inflation",12,0.721905430057023,0.396340218743372,1.0586790455734,2026-01-01
"medium_conj","unemp_rate",1,4.20222261324398,3.98035810356076,4.4350960282438,2026-01-01
"medium_conj","unemp_rate",2,4.21780305557994,3.85395604925733,4.61026135387585,2026-01-01
"medium_conj","unemp_rate",3,4.22709461396931,3.74733998638175,4.76006792354667,2026-01-01
"medium_conj","unemp_rate",4,4.23694783553877,3.70584581113742,4.89823378255462,2026-01-01
"medium_conj","unemp_rate",5,4.25656948045769,3.61004960292454,4.98449379195006,2026-01-01
"medium_conj","unemp_rate",6,4.27367354892,3.56894995716371,5.09135779618346,2026-01-01
"medium_conj","unemp_rate",7,4.26784451015383,3.51989199256951,5.08346715292855,2026-01-01
"medium_conj","unemp_rate",8,4.28676679073612,3.51501059640703,5.16225695241218,2026-01-01
"medium_conj","unemp_rate",9,4.29584329312252,3.38776243139959,5.23887651857681,2026-01-01
"medium_conj","unemp_rate",10,4.28415950599953,3.37498892717623,5.22334024146818,2026-01-01
"medium_conj","unemp_rate",11,4.29934641146391,3.27511185891321,5.30071202471715,2026-01-01
"medium_conj","unemp_rate",12,4.2962245085688,3.23149722634381,5.35786318744606,2026-01-01
"medium_conj","cash_rate",1,3.85317605935638,3.41984983104161,4.25217852828047,2026-01-01
"medium_conj","cash_rate",2,3.83232042786046,3.12557019571092,4.5363913469255,2026-01-01
"medium_conj","cash_rate",3,3.73726671569413,2.8339914705313,4.67432239373098,2026-01-01
"medium_conj","cash_rate",4,3.69183854036044,2.597206276614,4.83965054262828,2026-01-01
"medium_conj","cash_rate",5,3.67028700179347,2.46564878937091,4.95150929508085,2026-01-01
"medium_conj","cash_rate",6,3.65420077682666,2.34960464513627,5.07081860751086,2026-01-01
"medium_conj","cash_rate",7,3.61549611748583,2.22803271794302,5.15385768245255,2026-01-01
"medium_conj","cash_rate",8,3.54579988613998,1.89044587031856,5.43725941330487,2026-01-01
"medium_conj","cash_rate",9,3.49883077049202,1.84712938076495,5.80632320122236,2026-01-01
"medium_conj","cash_rate",10,3.50967224720564,1.66818769060143,5.78642462574273,2026-01-01
"medium_conj","cash_rate",11,3.46919572490204,1.60328761756931,5.98615534053214,2026-01-01
"medium_conj","cash_rate",12,3.40139976352991,1.47928751468688,6.06885919250381,2026-01-01
"small_tight","gdp_growth",1,0.61961006443692,-0.0974372678356876,1.38373563552419,2026-01-01
"small_tight","gdp_growth",2,0.60192855573494,-0.18594282560363,1.40570651786192,2026-01-01
"small_tight","gdp_growth",3,0.621227276678758,-0.159049838061754,1.42023694533245,2026-01-01
"small_tight","gdp_growth",4,0.651242274381364,-0.157419570558143,1.32507942168283,2026-01-01
"small_tight","gdp_growth",5,0.625232629084042,-0.190353454481993,1.44944341253908,2026-01-01
"small_tight","gdp_growth",6,0.67694452062076,-0.0314975220127333,1.37092049348712,2026-01-01
"small_tight","gdp_growth",7,0.614900856901579,-0.162583156636948,1.36361988270251,2026-01-01
"small_tight","gdp_growth",8,0.631304437723981,-0.20864754037266,1.39272998881299,2026-01-01
"small_tight","gdp_growth",9,0.629691567345935,-0.148499042859377,1.37916869587775,2026-01-01
"small_tight","gdp_growth",10,0.646942705792422,-0.14305881651595,1.34244478953055,2026-01-01
"small_tight","gdp_growth",11,0.592474323489928,-0.12844093247278,1.33434157337859,2026-01-01
"small_tight","gdp_growth",12,0.640515495967385,-0.0710477960145453,1.36538578004497,2026-01-01
"small_tight","cpi_inflation",1,0.807176456419222,0.488271334103637,1.10129803857032,2026-01-01
"small_tight","cpi_inflation",2,0.806414157604317,0.473938255620686,1.10196539437003,2026-01-01
"small_tight","cpi_inflation",3,0.734017967807825,0.43517402935412,1.08651098065873,2026-01-01
"small_tight","cpi_inflation",4,0.723832981571509,0.443199572928795,1.06443305112618,2026-01-01
"small_tight","cpi_inflation",5,0.765809308586201,0.464596468715275,1.14380801357805,2026-01-01
"small_tight","cpi_inflation",6,0.768185896533343,0.392765022058372,1.11533860345838,2026-01-01
"small_tight","cpi_inflation",7,0.735382574213861,0.405776761353065,1.05946712017775,2026-01-01
"small_tight","cpi_inflation",8,0.725933091320486,0.370466012022819,1.07831691533953,2026-01-01
"small_tight","cpi_inflation",9,0.728288776427938,0.341032027833747,1.0705160377189,2026-01-01
"small_tight","cpi_inflation",10,0.719689462944971,0.384493936934392,1.06284016972774,2026-01-01
"small_tight","cpi_inflation",11,0.753302543871752,0.319980537177436,1.08774317527128,2026-01-01
"small_tight","cpi_inflation",12,0.7188297617508,0.378088663476817,1.12933606875676,2026-01-01
"small_tight","unemp_rate",1,4.24252475161466,3.95264302149378,4.47447395513672,2026-01-01
"small_tight","unemp_rate",2,4.24828424240425,3.79024827138793,4.64407855478428,2026-01-01
"small_tight","unemp_rate",3,4.24962022961783,3.67495020797341,4.78381699119003,2026-01-01
"small_tight","unemp_rate",4,4.28251479995602,3.60280405996412,4.85810701450739,2026-01-01
"small_tight","unemp_rate",5,4.26556434330711,3.42978692684874,4.91110142731626,2026-01-01
"small_tight","unemp_rate",6,4.25027534564026,3.4366094066293,4.96377913812798,2026-01-01
"small_tight","unemp_rate",7,4.26310757458901,3.3926430649325,5.05145166903621,2026-01-01
"small_tight","unemp_rate",8,4.28973496241797,3.40001763693426,5.07136432307115,2026-01-01
"small_tight","unemp_rate",9,4.29134867197876,3.30488039119871,5.16774853957586,2026-01-01
"small_tight","unemp_rate",10,4.3421742325383,3.16341282501079,5.20096152074439,2026-01-01
"small_tight","unemp_rate",11,4.29712540414126,3.15539262994348,5.26510631966334,2026-01-01
"small_tight","unemp_rate",12,4.31474063317962,3.15083504036228,5.24680690097418,2026-01-01
"small_tight","cash_rate",1,3.83909887723611,3.30106378427156,4.31136730626382,2026-01-01
"small_tight","cash_rate",2,3.88592942763867,3.01956382091668,4.59012949305664,2026-01-01
"small_tight","cash_rate",3,3.86489695736946,2.75621085608384,4.75232891694179,2026-01-01
"small_tight","cash_rate",4,3.86732209174972,2.55063954633442,5.02406574935816,2026-01-01
"small_tight","cash_rate",5,3.85765238463401,2.49466772174054,5.30649120313646,2026-01-01
"small_tight","cash_rate",6,3.86592856656246,2.35561032191075,5.5099559371743,2026-01-01
"small_tight","cash_rate",7,3.88214854105621,2.18247951114216,5.56799223987218,2026-01-01
"small_tight","cash_rate",8,3.89987538535625,1.78939285363512,5.60962010858043,2026-01-01
"small_tight","cash_rate",9,3.82870012932932,1.80178956866108,5.62150007505664,2026-01-01
"small_tight","cash_rate",10,3.86275157555708,1.68385868339865,5.77074488833552,2026-01-01
"small_tight","cash_rate",11,3.84462033752378,1.54265622226735,5.90015238103994,2026-01-01
"small_tight","cash_rate",12,3.86806045522842,1.3994734129533,6.13181264254247,2026-01-01
"small_unres","gdp_growth",1,0.61843482196772,-0.202127036609163,1.5356532240416,2026-01-01
"small_unres","gdp_growth",2,0.618082492555865,-0.134919225213341,1.37123224035585,2026-01-01
"small_unres","gdp_growth",3,0.643790053268084,-0.119076431666184,1.45578744486175,2026-01-01
"small_unres","gdp_growth",4,0.6282099772669,-0.0842304355887835,1.32093876440134,2026-01-01
"small_unres","gdp_growth",5,0.649931031501205,-0.129880723770045,1.36429037115094,2026-01-01
"small_unres","gdp_growth",6,0.6411187728071,-0.236652420930421,1.32613627444191,2026-01-01
"small_unres","gdp_growth",7,0.642347473916746,-0.118841572887991,1.35356810552078,2026-01-01
"small_unres","gdp_growth",8,0.640146454045762,-0.101668331911966,1.43330412013474,2026-01-01
"small_unres","gdp_growth",9,0.56989689012712,-0.132401567112251,1.40114178940116,2026-01-01
"small_unres","gdp_growth",10,0.622575706449145,-0.135676696275967,1.41960969457382,2026-01-01
"small_unres","gdp_growth",11,0.5756889850182,-0.198601485517967,1.40744188850921,2026-01-01
"small_unres","gdp_growth",12,0.665953506329554,-0.193989717767661,1.49836604153095,2026-01-01
"small_unres","cpi_inflation",1,0.826325194601546,0.525269008080155,1.11416311127087,2026-01-01
"small_unres","cpi_inflation",2,0.830118371629594,0.52015569456291,1.10906113863043,2026-01-01
"small_unres","cpi_inflation",3,0.806405447818842,0.470162477044814,1.1326406871579,2026-01-01
"small_unres","cpi_inflation",4,0.79674503916671,0.449724639608289,1.08884414509981,2026-01-01
"small_unres","cpi_inflation",5,0.771271836562839,0.448061887960404,1.09593339107098,2026-01-01
"small_unres","cpi_inflation",6,0.777170023229975,0.459206006426248,1.09775515409945,2026-01-01
"small_unres","cpi_inflation",7,0.761511736588234,0.408481453150695,1.07202589425816,2026-01-01
"small_unres","cpi_inflation",8,0.739708480504612,0.38944287857567,1.05959199018917,2026-01-01
"small_unres","cpi_inflation",9,0.746290460529723,0.401681286802793,1.1317699478364,2026-01-01
"small_unres","cpi_inflation",10,0.748931013760063,0.382937710915398,1.08874723233104,2026-01-01
"small_unres","cpi_inflation",11,0.732669171122411,0.365118738102903,1.09140260754931,2026-01-01
"small_unres","cpi_inflation",12,0.724429012813651,0.40309268880847,1.0982543812779,2026-01-01
"small_unres","unemp_rate",1,4.20261398785057,3.91368322185837,4.47842816162615,2026-01-01
"small_unres","unemp_rate",2,4.20572544719479,3.7985977870684,4.62045329590893,2026-01-01
"small_unres","unemp_rate",3,4.2455001382661,3.69561283561606,4.73561797381485,2026-01-01
"small_unres","unemp_rate",4,4.24397586600795,3.60116424438533,4.83361819143693,2026-01-01
"small_unres","unemp_rate",5,4.2732043321623,3.47499360607391,5.0035251299585,2026-01-01
"small_unres","unemp_rate",6,4.28097283213166,3.48307723465966,5.04445209835276,2026-01-01
"small_unres","unemp_rate",7,4.29367930677907,3.29976671460827,5.15467801608455,2026-01-01
"small_unres","unemp_rate",8,4.30871454153078,3.25033572036164,5.18735814612928,2026-01-01
"small_unres","unemp_rate",9,4.30828381683174,3.23751355320115,5.26412866903948,2026-01-01
"small_unres","unemp_rate",10,4.29175992193195,3.21496161513355,5.21179179960917,2026-01-01
"small_unres","unemp_rate",11,4.2627875847685,3.18742763341699,5.27404748802122,2026-01-01
"small_unres","unemp_rate",12,4.26956867366818,3.15986890005627,5.29721243260645,2026-01-01
"small_unres","cash_rate",1,3.8717155678932,3.46181886165804,4.28363199104774,2026-01-01
"small_unres","cash_rate",2,3.87924494126403,3.10937771562463,4.56299753844196,2026-01-01
"small_unres","cash_rate",3,3.85519630934601,2.75258451231421,4.85503716108232,2026-01-01
"small_unres","cash_rate",4,3.81753140428925,2.50870541783921,5.04904986056595,2026-01-01
"small_unres","cash_rate",5,3.77017902046982,2.36222154796723,5.23626454778648,2026-01-01
"small_unres","cash_rate",6,3.74475972522661,1.99769134392607,5.63740390198197,2026-01-01
"small_unres","cash_rate",7,3.73658496518954,1.7420673055659,5.65819550573816,2026-01-01
"small_unres","cash_rate",8,3.63924377162861,1.7667918485487,5.86874441364091,2026-01-01
"small_unres","cash_rate",9,3.69798693642902,1.60966556881622,5.86936605521566,2026-01-01
"small_unres","cash_rate",10,3.60593385881257,1.55369507901467,5.77912282781083,2026-01-01
"small_unres","cash_rate",11,3.68013378387747,1.25942687244004,5.8815544067373,2026-01-01
"small_unres","cash_rate",12,3.68758163752641,1.30086420184953,5.82944358677121,2026-01-01
"rw","gdp_growth",1,0.307202296857484,-0.827927041203387,1.26881939749088,2026-01-01
"rw","gdp_growth",2,0.2738556956214,-1.23188828568708,1.74704155594297,2026-01-01
"rw","gdp_growth",3,0.371191739253477,-1.47980141045751,2.04560572452923,2026-01-01
"rw","gdp_growth",4,0.288986096025238,-1.83792742825583,2.32433634866847,2026-01-01
"rw","gdp_growth",5,0.177499934139979,-2.0419961930758,2.67842779482835,2026-01-01
"rw","gdp_growth",6,0.233606679837052,-2.21252271860967,2.85801249045687,2026-01-01
"rw","gdp_growth",7,0.357161904099392,-2.55573651073521,3.02864420068157,2026-01-01
"rw","gdp_growth",8,0.341156681769898,-2.6763959747401,3.20552267890299,2026-01-01
"rw","gdp_growth",9,0.335146125395514,-2.87763843354256,3.72432079177302,2026-01-01
"rw","gdp_growth",10,0.349796923447868,-2.93696950378123,3.7087113363013,2026-01-01
"rw","gdp_growth",11,0.303989356931007,-3.03192746946234,3.72444030211554,2026-01-01
"rw","gdp_growth",12,0.391687126973217,-3.12800437522586,4.1402919446059,2026-01-01
"rw","cpi_inflation",1,0.803584723482071,0.540540516318912,1.14381507083555,2026-01-01
"rw","cpi_inflation",2,0.777591535106374,0.39526568887681,1.24133250382962,2026-01-01
"rw","cpi_inflation",3,0.768170776117009,0.349236651314758,1.31826822994168,2026-01-01
"rw","cpi_inflation",4,0.795358920550696,0.22487634423299,1.32484652487152,2026-01-01
"rw","cpi_inflation",5,0.766304636763493,0.167424743817041,1.44632590062476,2026-01-01
"rw","cpi_inflation",6,0.77042076039395,0.0983061770664653,1.4933641546231,2026-01-01
"rw","cpi_inflation",7,0.745016719310225,-0.00150593623926502,1.55449948834465,2026-01-01
"rw","cpi_inflation",8,0.721245369112413,-0.0508326710751211,1.65374026149526,2026-01-01
"rw","cpi_inflation",9,0.724481349526906,-0.0901626375356834,1.74238475808443,2026-01-01
"rw","cpi_inflation",10,0.702760933005139,-0.150553491382842,1.73888609471512,2026-01-01
"rw","cpi_inflation",11,0.694342179422664,-0.206638732352551,1.81899516048961,2026-01-01
"rw","cpi_inflation",12,0.727135961254439,-0.322710895860862,1.8603849744203,2026-01-01
"rw","unemp_rate",1,4.21458348014887,3.97172608648767,4.55784995311713,2026-01-01
"rw","unemp_rate",2,4.24261742095408,3.81002000629838,4.65176751383641,2026-01-01
"rw","unemp_rate",3,4.19878053855548,3.73083796766935,4.76963367155379,2026-01-01
"rw","unemp_rate",4,4.26259128493827,3.68157647266167,4.83063856542182,2026-01-01
"rw","unemp_rate",5,4.23343687904555,3.56392479420482,4.89533424558382,2026-01-01
"rw","unemp_rate",6,4.25300941890417,3.53863081133452,4.95014320074261,2026-01-01
"rw","unemp_rate",7,4.2465522920449,3.34631251813037,5.00454373948396,2026-01-01
"rw","unemp_rate",8,4.26947362842903,3.30661494086486,4.96317272308984,2026-01-01
"rw","unemp_rate",9,4.24926930649301,3.32951758691525,5.02494322567327,2026-01-01
"rw","unemp_rate",10,4.26920038641642,3.29706639825089,5.06243339842376,2026-01-01
"rw","unemp_rate",11,4.28279699129097,3.2327595294051,5.19985966605268,2026-01-01
"rw","unemp_rate",12,4.2575739793684,3.25357196337217,5.25714836910347,2026-01-01
"rw","cash_rate",1,3.80951683699469,3.28994556520775,4.34519730482042,2026-01-01
"rw","cash_rate",2,3.80948430212051,3.05515618203084,4.57359042775621,2026-01-01
"rw","cash_rate",3,3.79746576347045,2.79093645366986,4.7423583788636,2026-01-01
"rw","cash_rate",4,3.82562971436574,2.71987715959297,4.91292180828429,2026-01-01
"rw","cash_rate",5,3.87031705633265,2.59869963800872,5.07042495024176,2026-01-01
"rw","cash_rate",6,3.86874123577409,2.52134867860547,5.19838083007301,2026-01-01
"rw","cash_rate",7,3.78555661221964,2.35498618995367,5.32131619356116,2026-01-01
"rw","cash_rate",8,3.86976485962735,2.2721550157806,5.46170828193133,2026-01-01
"rw","cash_rate",9,3.80989921798141,2.14528935073158,5.50235315526987,2026-01-01
"rw","cash_rate",10,3.91668522144859,1.98798614845606,5.48054966590737,2026-01-01
"rw","cash_rate",11,3.83046902152286,2.01111970509339,5.60032232124013,2026-01-01
"rw","cash_rate",12,3.86043333728355,1.977851339682,5.81347437619745,2026-01-01
"ar4","gdp_growth",1,0.78911014392332,-0.0703575503553646,1.50872305676335,2026-01-01
"ar4","gdp_growth",2,0.666785288449155,-0.144904110998907,1.44771120374288,2026-01-01
"ar4","gdp_growth",3,0.770234476662677,-0.0986393198708189,1.56448943291253,2026-01-01
"ar4","gdp_growth",4,0.694558760420671,-0.141295440949393,1.45810478235823,2026-01-01
"ar4","gdp_growth",5,0.69786708200161,-0.0626592988462505,1.58092036402985,2026-01-01
"ar4","gdp_growth",6,0.713608761050277,-0.122601517385462,1.49691916342263,2026-01-01
"ar4","gdp_growth",7,0.718647929125753,-0.131792037238385,1.42587534281182,2026-01-01
"ar4","gdp_growth",8,0.63720385905276,-0.0929553679822928,1.44477747200349,2026-01-01
"ar4","gdp_growth",9,0.771217964637674,-0.146114482870031,1.47001091090381,2026-01-01
"ar4","gdp_growth",10,0.729349778294318,-0.146394633886067,1.61158121847307,2026-01-01
"ar4","gdp_growth",11,0.705885582021193,-0.0929563670264347,1.50673886023653,2026-01-01
"ar4","gdp_growth",12,0.758788000799214,-0.0432273735917352,1.53831126224728,2026-01-01
"ar4","cpi_inflation",1,0.737003267480687,0.457403222379731,1.04098031060768,2026-01-01
"ar4","cpi_inflation",2,0.757304455888809,0.393038692443647,1.04456121292588,2026-01-01
"ar4","cpi_inflation",3,0.683767888874386,0.365169964688693,1.00446809394888,2026-01-01
"ar4","cpi_inflation",4,0.698834463371337,0.355152447935429,1.00354470560965,2026-01-01
"ar4","cpi_inflation",5,0.688876868984301,0.368608010528271,1.05978246564511,2026-01-01
"ar4","cpi_inflation",6,0.675904078187022,0.349967921424375,1.02244639052422,2026-01-01
"ar4","cpi_inflation",7,0.66676517631903,0.357151323394489,0.955722876214048,2026-01-01
"ar4","cpi_inflation",8,0.648226862144881,0.363826534620502,0.956726441031556,2026-01-01
"ar4","cpi_inflation",9,0.662080439283163,0.33540180628329,0.972509227262839,2026-01-01
"ar4","cpi_inflation",10,0.671326343351695,0.352185644962546,0.991591330411802,2026-01-01
"ar4","cpi_inflation",11,0.669581307260201,0.37783044470625,0.93201585272672,2026-01-01
"ar4","cpi_inflation",12,0.661032506176498,0.353025453637867,0.980648987499509,2026-01-01
"ar4","unemp_rate",1,4.28418105286723,3.99967044321732,4.60267517960314,2026-01-01
"ar4","unemp_rate",2,4.3557807930691,3.91511342779905,4.80558147551126,2026-01-01
"ar4","unemp_rate",3,4.40988801362593,3.9165643194162,5.01558399683124,2026-01-01
"ar4","unemp_rate",4,4.46152864690715,3.85345391862934,5.126821890374,2026-01-01
"ar4","unemp_rate",5,4.52789974941577,3.86302898855224,5.26241243489283,2026-01-01
"ar4","unemp_rate",6,4.56197742496364,3.85574751526227,5.31953995690181,2026-01-01
"ar4","unemp_rate",7,4.60780402226173,3.89202076763153,5.43565305539164,2026-01-01
"ar4","unemp_rate",8,4.64559849867123,3.83692160185261,5.48893906991736,2026-01-01
"ar4","unemp_rate",9,4.66275736086263,3.71968504256404,5.588994084035,2026-01-01
"ar4","unemp_rate",10,4.6765666813794,3.78301514694517,5.64608312884202,2026-01-01
"ar4","unemp_rate",11,4.70712524795881,3.85469973112509,5.62712214519583,2026-01-01
"ar4","unemp_rate",12,4.71617007369821,3.86860516625884,5.68182183931952,2026-01-01
"ar4","cash_rate",1,3.84556838015299,3.32117158707965,4.3151233822883,2026-01-01
"ar4","cash_rate",2,3.8440774078895,2.99938225006659,4.72413492636151,2026-01-01
"ar4","cash_rate",3,3.86733831757424,2.67021141597417,4.95432143792454,2026-01-01
"ar4","cash_rate",4,3.8459939483451,2.42004899001849,5.23923880078554,2026-01-01
"ar4","cash_rate",5,3.83511565432054,2.1024731079716,5.44061873320195,2026-01-01
"ar4","cash_rate",6,3.8356810223277,1.94527311203782,5.56801577118507,2026-01-01
"ar4","cash_rate",7,3.76867802766327,1.89690160141938,5.62361581046189,2026-01-01
"ar4","cash_rate",8,3.74978855307817,1.78196716141187,5.82573808840258,2026-01-01
"ar4","cash_rate",9,3.78357411819864,1.50113042149627,5.91901466389241,2026-01-01
"ar4","cash_rate",10,3.68645234216994,1.46868295594381,5.94916395599574,2026-01-01
"ar4","cash_rate",11,3.69577740967594,1.4225576645941,6.06089213029109,2026-01-01
"ar4","cash_rate",12,3.64748873492752,1.35662061923449,5.9170029188084,2026-01-01
"ucsv","gdp_growth",1,0.442151189351579,-0.260638768077971,1.27286167853534,2026-01-01
"ucsv","gdp_growth",2,0.490002607857256,-0.438457111204686,1.3064760404153,2026-01-01
"ucsv","gdp_growth",3,0.486963668762273,-0.384446494362714,1.3311763132445,2026-01-01
"ucsv","gdp_growth",4,0.463881410551371,-0.486268221079596,1.39926133118091,2026-01-01
"ucsv","gdp_growth",5,0.445899475623439,-0.363817229567752,1.38671463187265,2026-01-01
"ucsv","gdp_growth",6,0.46322009333298,-0.366274661708723,1.47732133620089,2026-01-01
"ucsv","gdp_growth",7,0.477967914903358,-0.526975908792452,1.4159409327057,2026-01-01
"ucsv","gdp_growth",8,0.61257624746271,-0.448904683624537,1.53429828234391,2026-01-01
"ucsv","gdp_growth",9,0.496372382887031,-0.426193371556528,1.42879322040693,2026-01-01
"ucsv","gdp_growth",10,0.544442068514614,-0.417536706723604,1.49333214128976,2026-01-01
"ucsv","gdp_growth",11,0.505565643370752,-0.465424387766238,1.51015277712675,2026-01-01
"ucsv","gdp_growth",12,0.514766028177376,-0.648533375824949,1.53190760710637,2026-01-01
"ucsv","cpi_inflation",1,0.830965669201537,0.552912519364557,1.18711184586759,2026-01-01
"ucsv","cpi_inflation",2,0.822808793098131,0.482405211786055,1.15800360899677,2026-01-01
"ucsv","cpi_inflation",3,0.825401600207729,0.382174842260808,1.22171709807893,2026-01-01
"ucsv","cpi_inflation",4,0.792205537861192,0.408282648054282,1.24619782996389,2026-01-01
"ucsv","cpi_inflation",5,0.819954188908864,0.358524586457924,1.19651787039178,2026-01-01
"ucsv","cpi_inflation",6,0.800657783320514,0.318610713341555,1.26308738495785,2026-01-01
"ucsv","cpi_inflation",7,0.839690576492946,0.332542237248121,1.25766789328061,2026-01-01
"ucsv","cpi_inflation",8,0.800379951059483,0.242651984020484,1.31239476993354,2026-01-01
"ucsv","cpi_inflation",9,0.828196502258497,0.299749926847058,1.33925529648334,2026-01-01
"ucsv","cpi_inflation",10,0.811972373511,0.259392875336438,1.41163964614577,2026-01-01
"ucsv","cpi_inflation",11,0.822201771499844,0.223852809564268,1.40627405762428,2026-01-01
"ucsv","cpi_inflation",12,0.841287551388347,0.243668441204788,1.44209930994892,2026-01-01
"ucsv","unemp_rate",1,4.22722132292304,3.85065877068363,4.58192617443803,2026-01-01
"ucsv","unemp_rate",2,4.2120642048879,3.7510029393584,4.71635398412364,2026-01-01
"ucsv","unemp_rate",3,4.24031545545052,3.57829441319249,4.80560076993153,2026-01-01
"ucsv","unemp_rate",4,4.21386191439965,3.55578447592948,4.91129899689887,2026-01-01
"ucsv","unemp_rate",5,4.25996950054008,3.45859160409297,4.93695924568188,2026-01-01
"ucsv","unemp_rate",6,4.24564233203587,3.34869402269944,5.08645826097309,2026-01-01
"ucsv","unemp_rate",7,4.25170264400695,3.32434314236095,5.02370500785689,2026-01-01
"ucsv","unemp_rate",8,4.30024388343562,3.33641510785398,5.07608164702649,2026-01-01
"ucsv","unemp_rate",9,4.28340096576024,3.24620014707177,5.34311228634788,2026-01-01
"ucsv","unemp_rate",10,4.28040969730818,3.16558177532547,5.36265036402764,2026-01-01
"ucsv","unemp_rate",11,4.30484024055811,2.99882648113905,5.33479495784162,2026-01-01
"ucsv","unemp_rate",12,4.28455044344749,3.06914819998688,5.43342853989174,2026-01-01
"ucsv","cash_rate",1,3.82621408425428,3.1893222977938,4.37254296658631,2026-01-01
"ucsv","cash_rate",2,3.83025104684827,3.04459452702277,4.63704819809524,2026-01-01
"ucsv","cash_rate",3,3.78170446001088,2.78730628528576,4.89802970036396,2026-01-01
"ucsv","cash_rate",4,3.80300925021608,2.74317442307089,5.08442750628418,2026-01-01
"ucsv","cash_rate",5,3.8447703120606,2.40749695553924,5.13521106095685,2026-01-01
"ucsv","cash_rate",6,3.82280497761603,2.4510570789815,5.24224419210892,2026-01-01
"ucsv","cash_rate",7,3.81819538760238,2.41019829100055,5.40436563072023,2026-01-01
"ucsv","cash_rate",8,3.86034070417957,2.35891317539429,5.5745658739665,2026-01-01
"ucsv","cash_rate",9,3.80306001102496,2.24110312742183,5.72814304913472,2026-01-01
"ucsv","cash_rate",10,3.84328066960441,2.17619597441472,5.78127212690986,2026-01-01
"ucsv","cash_rate",11,3.84038479271138,1.95051586961704,5.87126544541946,2026-01-01
"ucsv","cash_rate",12,3.79734145450651,1.99151815544277,5.86459801454464,2026-01-01
"ucmean","gdp_growth",1,0.686028633473149,-0.0722420720966463,1.60869531355555,2026-01-01
"ucmean","gdp_growth",2,0.698260970080012,-0.102102278930024,1.52725445351065,2026-01-01
"ucmean","gdp_growth",3,0.73888158108274,-0.132104187183192,1.58697415990565,2026-01-01
"ucmean","gdp_growth",4,0.749022660946235,-0.0193574607550654,1.60317903294454,2026-01-01
"ucmean","gdp_growth",5,0.727329664029951,-0.206030467446439,1.53883718134767,2026-01-01
"ucmean","gdp_growth",6,0.734012244161075,-0.0681824044905185,1.60168860172813,2026-01-01
"ucmean","gdp_growth",7,0.6833847762596,-0.140005441405028,1.50178705720307,2026-01-01
"ucmean","gdp_growth",8,0.775536634059198,-0.163435359246214,1.5960331908973,2026-01-01
"ucmean","gdp_growth",9,0.710207197592899,-0.1515828151499,1.5481361840407,2026-01-01
"ucmean","gdp_growth",10,0.692034005800056,-0.27445820279,1.55253571234591,2026-01-01
"ucmean","gdp_growth",11,0.692543259658768,-0.200665878892658,1.59396017737378,2026-01-01
"ucmean","gdp_growth",12,0.754422901528737,-0.0909284991261943,1.52915672591325,2026-01-01
"ucmean","cpi_inflation",1,0.653670614321112,0.264739954689183,1.11782373011571,2026-01-01
"ucmean","cpi_inflation",2,0.687753669680411,0.293260047572446,1.0996172481575,2026-01-01
"ucmean","cpi_inflation",3,0.662343324805923,0.215031742794356,1.02149842194033,2026-01-01
"ucmean","cpi_inflation",4,0.632940019525983,0.244699464736978,1.03601347264325,2026-01-01
"ucmean","cpi_inflation",5,0.667685129771998,0.305357431360741,1.08399624140172,2026-01-01
"ucmean","cpi_inflation",6,0.678168781297978,0.256741438500622,1.06720590557792,2026-01-01
"ucmean","cpi_inflation",7,0.671373296779317,0.263272425612611,1.06987749341344,2026-01-01
"ucmean","cpi_inflation",8,0.670377984914422,0.277248214015049,1.1495419141867,2026-01-01
"ucmean","cpi_inflation",9,0.63486638037252,0.282323703596065,1.0446215438597,2026-01-01
"ucmean","cpi_inflation",10,0.666255439734541,0.263364258884762,1.09336997664371,2026-01-01
"ucmean","cpi_inflation",11,0.682102341553189,0.278109833567251,1.11189525908754,2026-01-01
"ucmean","cpi_inflation",12,0.661547586313642,0.230307682148275,1.02491102538935,2026-01-01
"ucmean","unemp_rate",1,5.37780061666597,3.62220566103049,7.04915726501854,2026-01-01
"ucmean","unemp_rate",2,5.40761714183252,3.96554488960745,7.13267864768026,2026-01-01
"ucmean","unemp_rate",3,5.3924587726968,3.6650274130865,6.9266845867555,2026-01-01
"ucmean","unemp_rate",4,5.40785789983845,3.9469043487244,7.0431945686588,2026-01-01
"ucmean","unemp_rate",5,5.44421360792211,3.91093624431358,7.13676054566625,2026-01-01
"ucmean","unemp_rate",6,5.43702711596576,3.67456728500267,7.09584811147242,2026-01-01
"ucmean","unemp_rate",7,5.52206623356688,3.83328012491029,7.01405314855066,2026-01-01
"ucmean","unemp_rate",8,5.39873312641283,3.935825714742,7.01993996261127,2026-01-01
"ucmean","unemp_rate",9,5.4517223774778,3.63129642979205,6.93906202357946,2026-01-01
"ucmean","unemp_rate",10,5.40897567020445,3.84532597266891,6.98343082044485,2026-01-01
"ucmean","unemp_rate",11,5.61850114118916,4.12576101784297,7.02889685777723,2026-01-01
"ucmean","unemp_rate",12,5.5415632037605,3.88173569276815,7.29253953798782,2026-01-01
"ucmean","cash_rate",1,4.00933331306712,1.10970175815078,7.02921710510137,2026-01-01
"ucmean","cash_rate",2,3.81096074921942,1.48514124467556,6.50171924875272,2026-01-01
"ucmean","cash_rate",3,3.90004695324108,1.40269659830183,6.84187547790213,2026-01-01
"ucmean","cash_rate",4,4.05898231391548,0.978832683484657,6.7325750490867,2026-01-01
"ucmean","cash_rate",5,3.8076102625774,0.990867233898882,6.68070523522579,2026-01-01
"ucmean","cash_rate",6,4.21415715831007,1.57110185233724,6.97470884426553,2026-01-01
"ucmean","cash_rate",7,3.87604404600423,1.14805042156138,6.48010038930667,2026-01-01
"ucmean","cash_rate",8,4.02295092245845,1.07418207508492,6.66041720763859,2026-01-01
"ucmean","cash_rate",9,4.06912908813103,1.27799371221405,6.59910156547908,2026-01-01
"ucmean","cash_rate",10,3.82087427266176,1.56511228347495,6.5222013447398,2026-01-01
"ucmean","cash_rate",11,3.96397667914321,0.997821079723517,6.90080754571623,2026-01-01
"ucmean","cash_rate",12,3.75329794384969,1.3133619989554,6.88759880373865,2026-01-01
